<application>
  <component name="FileTypeManager" version="17">
    <ignoreFiles list="*$py.class;*.hprof;*.pyc;*.pyo;*.rbc;*.yarb;*~;.DS_Store;.git;.hg;.svn;CVS;__pycache__;_svn;vssver.scc;vssver2.scc;" />
    <extensionMap>
      <mapping pattern="._.DS_Store" type="PLAIN_TEXT" />
      <mapping pattern="英语文章" type="PLAIN_TEXT" />
      <mapping ext="pkl" type="PLAIN_TEXT" />
      <mapping ext="enc" type="PLAIN_TEXT" />
      <mapping ext="dec" type="PLAIN_TEXT" />
    </extensionMap>
  </component>
</application>