<application>
  <component name="ProjectJdkTable">
    <jdk version="2">
      <name value="Python 3.5 (ChineseNER-master)" />
      <type value="Python SDK" />
      <version value="Python 3.5.2" />
      <homePath value="C:\Users\dell\Anaconda3\python.exe" />
      <roots>
        <classPath>
          <root type="composite">
            <root url="file://$USER_HOME$/Anaconda3/DLLs" type="simple" />
            <root url="file://$USER_HOME$/Anaconda3/Lib" type="simple" />
            <root url="file://$USER_HOME$/Anaconda3" type="simple" />
            <root url="file://$USER_HOME$/Anaconda3/Lib/site-packages" type="simple" />
            <root url="file://$USER_HOME$/Anaconda3/Lib/site-packages/Sphinx-1.4.6-py3.5.egg" type="simple" />
            <root url="file://$USER_HOME$/Anaconda3/Lib/site-packages/win32" type="simple" />
            <root url="file://$USER_HOME$/Anaconda3/Lib/site-packages/win32/lib" type="simple" />
            <root url="file://$USER_HOME$/Anaconda3/Lib/site-packages/pythonwin" type="simple" />
            <root url="jar://$USER_HOME$/Anaconda3/Lib/site-packages/setuptools-27.2.0-py3.5.egg!/" type="simple" />
            <root url="file://$USER_HOME$/.PyCharmCE2018.3/system/python_stubs/-708247146" type="simple" />
            <root url="file://$APPLICATION_HOME_DIR$/helpers/python-skeletons" type="simple" />
            <root url="file://$APPLICATION_HOME_DIR$/helpers/typeshed/stdlib/3" type="simple" />
            <root url="file://$APPLICATION_HOME_DIR$/helpers/typeshed/stdlib/2and3" type="simple" />
            <root url="file://$APPLICATION_HOME_DIR$/helpers/typeshed/third_party/3" type="simple" />
            <root url="file://$APPLICATION_HOME_DIR$/helpers/typeshed/third_party/2and3" type="simple" />
          </root>
        </classPath>
        <sourcePath>
          <root type="composite" />
        </sourcePath>
      </roots>
      <additional ASSOCIATED_PROJECT_PATH="D:/自然语言处理实战/命名实体识别/ChineseNER-master" />
    </jdk>
    <jdk version="2">
      <name value="Python 3.5 (ChineseNER-master) (2)" />
      <type value="Python SDK" />
      <version value="Python 3.5.2" />
      <homePath value="C:\Users\dell\Anaconda3\python.exe" />
      <roots>
        <classPath>
          <root type="composite">
            <root url="file://$USER_HOME$/Anaconda3/DLLs" type="simple" />
            <root url="file://$USER_HOME$/Anaconda3/Lib" type="simple" />
            <root url="file://$USER_HOME$/Anaconda3" type="simple" />
            <root url="file://$USER_HOME$/Anaconda3/Lib/site-packages" type="simple" />
            <root url="file://$USER_HOME$/Anaconda3/Lib/site-packages/Sphinx-1.4.6-py3.5.egg" type="simple" />
            <root url="file://$USER_HOME$/Anaconda3/Lib/site-packages/win32" type="simple" />
            <root url="file://$USER_HOME$/Anaconda3/Lib/site-packages/win32/lib" type="simple" />
            <root url="file://$USER_HOME$/Anaconda3/Lib/site-packages/pythonwin" type="simple" />
            <root url="jar://$USER_HOME$/Anaconda3/Lib/site-packages/setuptools-27.2.0-py3.5.egg!/" type="simple" />
            <root url="file://$USER_HOME$/.PyCharmCE2018.3/system/python_stubs/-708247146" type="simple" />
            <root url="file://$APPLICATION_HOME_DIR$/helpers/python-skeletons" type="simple" />
            <root url="file://$APPLICATION_HOME_DIR$/helpers/typeshed/stdlib/3" type="simple" />
            <root url="file://$APPLICATION_HOME_DIR$/helpers/typeshed/stdlib/2and3" type="simple" />
            <root url="file://$APPLICATION_HOME_DIR$/helpers/typeshed/third_party/3" type="simple" />
            <root url="file://$APPLICATION_HOME_DIR$/helpers/typeshed/third_party/2and3" type="simple" />
          </root>
        </classPath>
        <sourcePath>
          <root type="composite" />
        </sourcePath>
      </roots>
      <additional />
    </jdk>
    <jdk version="2">
      <name value="Python 3.5 (ChineseNER-master) (3)" />
      <type value="Python SDK" />
      <version value="Python 3.5.2" />
      <homePath value="C:\Users\dell\Anaconda3\python.exe" />
      <roots>
        <classPath>
          <root type="composite">
            <root url="file://$USER_HOME$/Anaconda3/DLLs" type="simple" />
            <root url="file://$USER_HOME$/Anaconda3/Lib" type="simple" />
            <root url="file://$USER_HOME$/Anaconda3" type="simple" />
            <root url="file://$USER_HOME$/Anaconda3/Lib/site-packages" type="simple" />
            <root url="file://$USER_HOME$/Anaconda3/Lib/site-packages/Sphinx-1.4.6-py3.5.egg" type="simple" />
            <root url="file://$USER_HOME$/Anaconda3/Lib/site-packages/win32" type="simple" />
            <root url="file://$USER_HOME$/Anaconda3/Lib/site-packages/win32/lib" type="simple" />
            <root url="file://$USER_HOME$/Anaconda3/Lib/site-packages/pythonwin" type="simple" />
            <root url="jar://$USER_HOME$/Anaconda3/Lib/site-packages/setuptools-27.2.0-py3.5.egg!/" type="simple" />
            <root url="file://$USER_HOME$/.PyCharmCE2018.3/system/python_stubs/-708247146" type="simple" />
            <root url="file://$APPLICATION_HOME_DIR$/helpers/python-skeletons" type="simple" />
            <root url="file://$APPLICATION_HOME_DIR$/helpers/typeshed/stdlib/3" type="simple" />
            <root url="file://$APPLICATION_HOME_DIR$/helpers/typeshed/stdlib/2and3" type="simple" />
            <root url="file://$APPLICATION_HOME_DIR$/helpers/typeshed/third_party/3" type="simple" />
            <root url="file://$APPLICATION_HOME_DIR$/helpers/typeshed/third_party/2and3" type="simple" />
          </root>
        </classPath>
        <sourcePath>
          <root type="composite" />
        </sourcePath>
      </roots>
      <additional />
    </jdk>
  </component>
</application>