<application>
  <component name="PropertiesComponent">
    <property name="Copy.OpenInEditor" value="true" />
    <property name="ExpandBeforeRunStepsPanel" value="true" />
    <property name="ExternalToolDialog.advanced.expanded" value="true" />
    <property name="FileTemplates.SelectedTemplate" value="HTML File" />
    <property name="KEYMAP" value="step into" />
    <property name="PyCharm.InitialConfiguration" value="true" />
    <property name="PyCharm.InitialConfiguration.V2" value="true" />
    <property name="PyCharm.InitialConfiguration.V3" value="true" />
    <property name="PyCharm.InitialConfiguration.V4" value="true" />
    <property name="PyCharm.InitialConfiguration.V5" value="true" />
    <property name="PyCharm.InitialConfiguration.V6" value="true" />
    <property name="PyCharm.InitialConfiguration.V7" value="true" />
    <property name="PyCharm.initialConfigurationShown" value="true" />
    <property name="PythonUnitTestRunner.Splitter.Proportion" value="0.11380471" />
    <property name="SettingsSearchHistory" value="External Tools&#10;table&#10;keymap&#10;add keyboard shortcut&#10;Appearance&amp;Behavior" />
    <property name="SplitFileEditor.Proportion" value="0.65455747" />
    <property name="file.chooser.recent.files" value="D:/自然语言处理实战/命名实体识别-最新整理/NERuselocal&#10;D:/自然语言处理实战/命名实体识别-最新整理/Chinese-NER&#10;D:/自然语言处理实战/命名实体识别-最新整理/ChineseNER-master - 副本&#10;D:/自然语言处理实战/命名实体识别-最新整理/ChineseNER-master&#10;D:/自然语言处理实战/mechine translate&#10;D:/自然语言处理实战/zhihu-master&#10;D:/自然语言处理实战/文本分类/rnn_text_classification&#10;D:/人工智能/ch03_DeepLearningFoundation&#10;D:/Python-function&#10;D:/旧电脑/人工智能/05_随堂代码/sklearn11&#10;D:/自然语言处理实战/ChatBotCourse-master&#10;D:/&#10;C:/Users/dell/Anaconda3/python.exe&#10;C:/Users/dell/Anaconda3/pythonw.exe&#10;D:/Program Files (x86)/anaconda2/python.exe&#10;D:/自然语言处理实战/命名实体识别/ChineseNER-master&#10;D:/Program Files (x86)/anaconda2/python2.exe&#10;D:/自然语言处理实战/NERuselocal/NERuselocal&#10;D:/自然语言处理实战/Name-Entity-Recognition/Name-Entity-Recognition&#10;D:/自然语言处理实战/命名实体识别/LatticeLSTM-master&#10;D:/自然语言处理实战/自然语言处理面试实战/聊天机器人整体代码/Chatbot-intruduction&#10;D:/自然语言处理实战/自然语言处理面试实战/聊天机器人整体代码&#10;D:/自然语言处理实战/聊天机器人实战&#10;D:/人工智能/Python-function&#10;D:/自然语言处理实战/easy_seq2seq-master&#10;D:/人工智能/Introduce-of-DL&#10;D:/自然语言处理实战/应俊老师/2_Seq2Seq_Chatbot_jialaoshi/Seq2Seq_Chatbot&#10;D:/自然语言处理实战/应俊老师/Seq2Seq_Chatbot&#10;D:/自然语言处理实战/聊天机器人实战/聊天机器人整体代码&#10;D:/自然语言处理实战/文本词性标注" />
    <property name="file.gist.reindex.count" value="104677" />
    <property name="fileTypeChangedCounter" value="6" />
    <property name="lastTip" value="1" />
  </component>
  <component name="PyTestFrameworkService">
    <option name="SDK_TO_PYTEST">
      <map>
        <entry key="C:\Users\dell\Anaconda3\python.exe" value="true" />
        <entry key="D:\Program Files (x86)\Python27\python2.exe" value="false" />
        <entry key="D:\Program Files (x86)\anaconda2\python.exe" value="true" />
        <entry key="D:\Program Files (x86)\anaconda2\python2.exe" value="true" />
        <entry key="D:\人工智能\tensorflow_seq2seq-master\venv\Scripts\python.exe" value="false" />
        <entry key="D:\自然语言处理实战\命名实体识别\ChineseNER-master\venv\Scripts\python.exe" value="true" />
      </map>
    </option>
    <option name="SDK_TO_NOSETEST">
      <map>
        <entry key="C:\Users\dell\Anaconda3\python.exe" value="true" />
        <entry key="D:\Program Files (x86)\Python27\python2.exe" value="false" />
        <entry key="D:\Program Files (x86)\anaconda2\python.exe" value="true" />
        <entry key="D:\Program Files (x86)\anaconda2\python2.exe" value="true" />
        <entry key="D:\人工智能\tensorflow_seq2seq-master\venv\Scripts\python.exe" value="false" />
        <entry key="D:\自然语言处理实战\命名实体识别\ChineseNER-master\venv\Scripts\python.exe" value="true" />
      </map>
    </option>
    <option name="SDK_TO_TRIALTEST">
      <map>
        <entry key="C:\Users\dell\Anaconda3\python.exe" value="false" />
        <entry key="D:\Program Files (x86)\Python27\python2.exe" value="false" />
        <entry key="D:\Program Files (x86)\anaconda2\python.exe" value="false" />
        <entry key="D:\Program Files (x86)\anaconda2\python2.exe" value="false" />
        <entry key="D:\人工智能\tensorflow_seq2seq-master\venv\Scripts\python.exe" value="false" />
        <entry key="D:\自然语言处理实战\命名实体识别\ChineseNER-master\venv\Scripts\python.exe" value="false" />
      </map>
    </option>
  </component>
</application>